accuracy,f1_score,precision,recall
0.89125,0.8921933085501859,0.8866995073891626,0.8977556109725686
